run,value,error
66522,3.37071,0
66684,3.35322,0
66685,3.3678,0
68520,3.13729,0
68522,3.00838,0
68523,3.08047,0
68531,3.05904,0
68548,3.12792,0
68550,3.20841,0
68554,2.99545,0
68584,3.0113,0
68589,3.21208,0
68604,2.98517,0
